,slide,features,patches
0,D976E7A6-84BD-4D88-86A4-FD4A591C38F8,/home/p163v/histopathology/UKHD_Neuro/RetCLL_Features/D976E7A6-84BD-4D88-86A4-FD4A591C38F8.h5,11184
1,3F6DAC57-2FAF-48A1-B397-82E097D20407,/home/p163v/histopathology/UKHD_Neuro/RetCLL_Features/3F6DAC57-2FAF-48A1-B397-82E097D20407.h5,1636
2,5C26A472-3145-40CE-AAEA-8E5D3195D5EA,/home/p163v/histopathology/UKHD_Neuro/RetCLL_Features/5C26A472-3145-40CE-AAEA-8E5D3195D5EA.h5,2656
3,FCF0FBAE-F5DC-40EF-BB28-F7E3AC6EA45F,/home/p163v/histopathology/UKHD_Neuro/RetCLL_Features/FCF0FBAE-F5DC-40EF-BB28-F7E3AC6EA45F.h5,2916
4,48264798-65B3-4492-9E41-832802E60056,/home/p163v/histopathology/UKHD_Neuro/RetCLL_Features/48264798-65B3-4492-9E41-832802E60056.h5,963
5,4DC650EE-CDA0-4D70-BED0-3666AAD03AF8,/home/p163v/histopathology/UKHD_Neuro/RetCLL_Features/4DC650EE-CDA0-4D70-BED0-3666AAD03AF8.h5,1145
6,AFAA28D3-0DDA-4E9A-8704-C585BAA72E10,/home/p163v/histopathology/UKHD_Neuro/RetCLL_Features/AFAA28D3-0DDA-4E9A-8704-C585BAA72E10.h5,1028
7,9727FE00-FF35-43D7-A676-25AF3A43AC6B,/home/p163v/histopathology/UKHD_Neuro/RetCLL_Features/9727FE00-FF35-43D7-A676-25AF3A43AC6B.h5,14582
8,49D85793-1C4B-4C2A-B286-21BB4DD31DE1,/home/p163v/histopathology/UKHD_Neuro/RetCLL_Features/49D85793-1C4B-4C2A-B286-21BB4DD31DE1.h5,6852
9,3950B489-D180-406B-B042-6765DCC99878,/home/p163v/histopathology/UKHD_Neuro/RetCLL_Features/3950B489-D180-406B-B042-6765DCC99878.h5,3081
10,672FC945-6AEF-4392-A07B-ED343EA35300,/home/p163v/histopathology/UKHD_Neuro/RetCLL_Features/672FC945-6AEF-4392-A07B-ED343EA35300.h5,2253
11,E7339AD6-E674-4D6C-937D-9694D02138C6,/home/p163v/histopathology/UKHD_Neuro/RetCLL_Features/E7339AD6-E674-4D6C-937D-9694D02138C6.h5,3296
12,0683C0B0-95EB-4A17-954C-890A73B06DB0,/home/p163v/histopathology/UKHD_Neuro/RetCLL_Features/0683C0B0-95EB-4A17-954C-890A73B06DB0.h5,8806
13,D074572C-1A89-44D7-AB93-095284685DF0,/home/p163v/histopathology/UKHD_Neuro/RetCLL_Features/D074572C-1A89-44D7-AB93-095284685DF0.h5,712
14,0BC407D9-AEA1-4AEB-AE28-11CB9CEF390E,/home/p163v/histopathology/UKHD_Neuro/RetCLL_Features/0BC407D9-AEA1-4AEB-AE28-11CB9CEF390E.h5,7678
15,EBA58000-2BBE-4393-A8A0-21AF52832B50,/home/p163v/histopathology/UKHD_Neuro/RetCLL_Features/EBA58000-2BBE-4393-A8A0-21AF52832B50.h5,7458
16,71E4589D-824B-498D-AE03-95CBD63AB69D,/home/p163v/histopathology/UKHD_Neuro/RetCLL_Features/71E4589D-824B-498D-AE03-95CBD63AB69D.h5,4807
17,F357E221-34A7-4842-9409-61FB9103C0FC,/home/p163v/histopathology/UKHD_Neuro/RetCLL_Features/F357E221-34A7-4842-9409-61FB9103C0FC.h5,2757
18,F17764F3-14E4-4007-83F1-D27B4EF2E918,/home/p163v/histopathology/UKHD_Neuro/RetCLL_Features/F17764F3-14E4-4007-83F1-D27B4EF2E918.h5,5015
19,013A1CFA-1CA9-4B36-BAC8-5A88842FE723,/home/p163v/histopathology/UKHD_Neuro/RetCLL_Features/013A1CFA-1CA9-4B36-BAC8-5A88842FE723.h5,2029
20,74E27619-AAE7-4B9C-9ACF-BB4F2FA2AB5F,/home/p163v/histopathology/UKHD_Neuro/RetCLL_Features/74E27619-AAE7-4B9C-9ACF-BB4F2FA2AB5F.h5,7154
21,DF369E47-7E5F-46B3-9CA9-1335B8BC8ECF,/home/p163v/histopathology/UKHD_Neuro/RetCLL_Features/DF369E47-7E5F-46B3-9CA9-1335B8BC8ECF.h5,0
22,21C991A1-5AC4-462A-AFE5-D296DF819030,/home/p163v/histopathology/UKHD_Neuro/RetCLL_Features/21C991A1-5AC4-462A-AFE5-D296DF819030.h5,9338
23,1E386CE2-4F71-4DE5-9CD2-73DF9678FFCB,/home/p163v/histopathology/UKHD_Neuro/RetCLL_Features/1E386CE2-4F71-4DE5-9CD2-73DF9678FFCB.h5,700
24,611F5D19-3519-48E3-8475-4BB771FC3C79,/home/p163v/histopathology/UKHD_Neuro/RetCLL_Features/611F5D19-3519-48E3-8475-4BB771FC3C79.h5,4358
25,F76BD003-0D38-49FF-818E-21AFD08117A2,/home/p163v/histopathology/UKHD_Neuro/RetCLL_Features/F76BD003-0D38-49FF-818E-21AFD08117A2.h5,4124
26,85823450-E74A-4960-975D-B00C41A3BFD0,/home/p163v/histopathology/UKHD_Neuro/RetCLL_Features/85823450-E74A-4960-975D-B00C41A3BFD0.h5,11978
27,2C924A65-DA37-4964-9470-AAC226F2D1F3,/home/p163v/histopathology/UKHD_Neuro/RetCLL_Features/2C924A65-DA37-4964-9470-AAC226F2D1F3.h5,5709
28,58C7F724-651E-48FA-B50C-EE03DF529306,/home/p163v/histopathology/UKHD_Neuro/RetCLL_Features/58C7F724-651E-48FA-B50C-EE03DF529306.h5,1119
29,FF3B366F-535B-43AB-8C12-FE16E4F3BEA2,/home/p163v/histopathology/UKHD_Neuro/RetCLL_Features/FF3B366F-535B-43AB-8C12-FE16E4F3BEA2.h5,5287
30,2E5F5223-7656-4323-AF00-9D268012D530,/home/p163v/histopathology/UKHD_Neuro/RetCLL_Features/2E5F5223-7656-4323-AF00-9D268012D530.h5,2220
31,B7EAC63B-9FFC-4DA4-9A79-EB960B11F671,/home/p163v/histopathology/UKHD_Neuro/RetCLL_Features/B7EAC63B-9FFC-4DA4-9A79-EB960B11F671.h5,3663
32,CC4A1A65-77FA-47B5-9D78-8FDA9A72650A,/home/p163v/histopathology/UKHD_Neuro/RetCLL_Features/CC4A1A65-77FA-47B5-9D78-8FDA9A72650A.h5,5167
33,C66679C3-8DBF-4CDF-8839-4A2425B27763,/home/p163v/histopathology/UKHD_Neuro/RetCLL_Features/C66679C3-8DBF-4CDF-8839-4A2425B27763.h5,1736
34,62270C01-B629-46AA-A524-D1689116B87E,/home/p163v/histopathology/UKHD_Neuro/RetCLL_Features/62270C01-B629-46AA-A524-D1689116B87E.h5,6825
35,F59E3E5E-6560-41CA-9A63-22F56D430522,/home/p163v/histopathology/UKHD_Neuro/RetCLL_Features/F59E3E5E-6560-41CA-9A63-22F56D430522.h5,8965
36,E6A80773-6C75-43A8-B7BD-F12EF69BE061,/home/p163v/histopathology/UKHD_Neuro/RetCLL_Features/E6A80773-6C75-43A8-B7BD-F12EF69BE061.h5,4885
37,A2F240C5-54D0-4442-A95E-194B7EE77DA8,/home/p163v/histopathology/UKHD_Neuro/RetCLL_Features/A2F240C5-54D0-4442-A95E-194B7EE77DA8.h5,4838
38,95B5A1C2-053D-4955-B290-CA8392DEA406,/home/p163v/histopathology/UKHD_Neuro/RetCLL_Features/95B5A1C2-053D-4955-B290-CA8392DEA406.h5,3494
39,A165D5DC-323A-4EDB-A08C-6F8E2EA6F8A8,/home/p163v/histopathology/UKHD_Neuro/RetCLL_Features/A165D5DC-323A-4EDB-A08C-6F8E2EA6F8A8.h5,11431
40,E56502BF-A0F0-4DFF-9A79-ED1EA6CEF9FF,/home/p163v/histopathology/UKHD_Neuro/RetCLL_Features/E56502BF-A0F0-4DFF-9A79-ED1EA6CEF9FF.h5,3230
41,99A9CFD8-C8F8-4048-AFAE-EAF54B3793F4,/home/p163v/histopathology/UKHD_Neuro/RetCLL_Features/99A9CFD8-C8F8-4048-AFAE-EAF54B3793F4.h5,4610
42,997BECCB-FD4F-42BF-BA31-DE1E35F95BAE,/home/p163v/histopathology/UKHD_Neuro/RetCLL_Features/997BECCB-FD4F-42BF-BA31-DE1E35F95BAE.h5,12573
43,EB7DCFE3-8E7F-4FF2-9CF9-C1AC9E300CC2,/home/p163v/histopathology/UKHD_Neuro/RetCLL_Features/EB7DCFE3-8E7F-4FF2-9CF9-C1AC9E300CC2.h5,2423
44,E878F310-BB33-449D-887D-F554727DC89F,/home/p163v/histopathology/UKHD_Neuro/RetCLL_Features/E878F310-BB33-449D-887D-F554727DC89F.h5,5082
45,C18A05A8-4D1C-4168-9ECC-2236BB52F93E,/home/p163v/histopathology/UKHD_Neuro/RetCLL_Features/C18A05A8-4D1C-4168-9ECC-2236BB52F93E.h5,10685
46,8C14CB8B-6071-4783-B726-0DD5B11C861D,/home/p163v/histopathology/UKHD_Neuro/RetCLL_Features/8C14CB8B-6071-4783-B726-0DD5B11C861D.h5,538
47,E32E72E1-2074-405C-9678-DBB3CB73B14B,/home/p163v/histopathology/UKHD_Neuro/RetCLL_Features/E32E72E1-2074-405C-9678-DBB3CB73B14B.h5,5008
48,4884DEB7-97E3-437B-A136-2E6BFA032B2E,/home/p163v/histopathology/UKHD_Neuro/RetCLL_Features/4884DEB7-97E3-437B-A136-2E6BFA032B2E.h5,2011
49,E0BF7B6F-5175-4DB8-ABAD-C447CFEFC401,/home/p163v/histopathology/UKHD_Neuro/RetCLL_Features/E0BF7B6F-5175-4DB8-ABAD-C447CFEFC401.h5,1362
50,860BD1A0-41B3-4688-B858-FD003C4FE09F,/home/p163v/histopathology/UKHD_Neuro/RetCLL_Features/860BD1A0-41B3-4688-B858-FD003C4FE09F.h5,753
51,AD761B99-472B-4A41-9013-5A830EB7CBE4,/home/p163v/histopathology/UKHD_Neuro/RetCLL_Features/AD761B99-472B-4A41-9013-5A830EB7CBE4.h5,71
52,B3CFED3B-8B43-4C04-8B2C-FFD255251E22,/home/p163v/histopathology/UKHD_Neuro/RetCLL_Features/B3CFED3B-8B43-4C04-8B2C-FFD255251E22.h5,4368
53,2BC914F6-078B-4B65-A825-EF1019654BC9,/home/p163v/histopathology/UKHD_Neuro/RetCLL_Features/2BC914F6-078B-4B65-A825-EF1019654BC9.h5,1932
54,EE0B98A3-9693-46FF-8926-ECE7CE7A17A2,/home/p163v/histopathology/UKHD_Neuro/RetCLL_Features/EE0B98A3-9693-46FF-8926-ECE7CE7A17A2.h5,11220
55,69D3E594-B949-4CC7-A42F-2080B92FF27E,/home/p163v/histopathology/UKHD_Neuro/RetCLL_Features/69D3E594-B949-4CC7-A42F-2080B92FF27E.h5,6193
56,AA4E936A-5BB4-40B6-BE4D-A86DEAF0EA1D,/home/p163v/histopathology/UKHD_Neuro/RetCLL_Features/AA4E936A-5BB4-40B6-BE4D-A86DEAF0EA1D.h5,2417
57,3DA60281-C3A8-481C-AB58-B3F18E60CDB0,/home/p163v/histopathology/UKHD_Neuro/RetCLL_Features/3DA60281-C3A8-481C-AB58-B3F18E60CDB0.h5,362
58,E4D6DCC0-EDD1-4DEB-BD94-374DE64592D1,/home/p163v/histopathology/UKHD_Neuro/RetCLL_Features/E4D6DCC0-EDD1-4DEB-BD94-374DE64592D1.h5,5114
59,46C5A5AD-3704-450A-9DA5-2050D9E7E5D2,/home/p163v/histopathology/UKHD_Neuro/RetCLL_Features/46C5A5AD-3704-450A-9DA5-2050D9E7E5D2.h5,6171
